{
    "name": "root",
    "gauges": {
        "Pong.Policy.Entropy.mean": {
            "value": 1.264316201210022,
            "min": 1.264316201210022,
            "max": 1.4144587516784668,
            "count": 23
        },
        "Pong.Policy.Entropy.sum": {
            "value": 1327.531982421875,
            "min": 974.8341674804688,
            "max": 1811.921630859375,
            "count": 23
        },
        "Pong.Environment.EpisodeLength.mean": {
            "value": 28.88235294117647,
            "min": 28.5,
            "max": 29.41176470588235,
            "count": 23
        },
        "Pong.Environment.EpisodeLength.sum": {
            "value": 982.0,
            "min": 928.0,
            "max": 1015.0,
            "count": 23
        },
        "Pong.Step.mean": {
            "value": 22972.0,
            "min": 976.0,
            "max": 22972.0,
            "count": 23
        },
        "Pong.Step.sum": {
            "value": 22972.0,
            "min": 976.0,
            "max": 22972.0,
            "count": 23
        },
        "Pong.Policy.ExtrinsicValueEstimate.mean": {
            "value": -0.3607276678085327,
            "min": -0.8202419281005859,
            "max": -0.13504862785339355,
            "count": 23
        },
        "Pong.Policy.ExtrinsicValueEstimate.sum": {
            "value": -11.904012680053711,
            "min": -27.067983627319336,
            "max": -4.456604480743408,
            "count": 23
        },
        "Pong.Environment.CumulativeReward.mean": {
            "value": -0.2727272727272727,
            "min": -0.8787878787878788,
            "max": -0.15151515151515152,
            "count": 23
        },
        "Pong.Environment.CumulativeReward.sum": {
            "value": -9.0,
            "min": -29.0,
            "max": -5.0,
            "count": 23
        },
        "Pong.Policy.ExtrinsicReward.mean": {
            "value": -0.2727272727272727,
            "min": -0.8787878787878788,
            "max": -0.15151515151515152,
            "count": 23
        },
        "Pong.Policy.ExtrinsicReward.sum": {
            "value": -9.0,
            "min": -29.0,
            "max": -5.0,
            "count": 23
        },
        "Pong.Losses.PolicyLoss.mean": {
            "value": 0.24875844043006765,
            "min": 0.22249396296016968,
            "max": 0.26253268636714294,
            "count": 23
        },
        "Pong.Losses.PolicyLoss.sum": {
            "value": 1.9900675234405412,
            "min": 1.271441946165135,
            "max": 2.270209658656074,
            "count": 23
        },
        "Pong.Losses.ValueLoss.mean": {
            "value": 0.4075690281641974,
            "min": 0.10772847638808611,
            "max": 0.4665038788460684,
            "count": 23
        },
        "Pong.Losses.ValueLoss.sum": {
            "value": 3.260552225313579,
            "min": 0.8399132460623782,
            "max": 4.064846316835786,
            "count": 23
        },
        "Pong.Policy.LearningRate.mean": {
            "value": 0.000286520629493125,
            "min": 0.000286520629493125,
            "max": 0.00029972088009303996,
            "count": 23
        },
        "Pong.Policy.LearningRate.sum": {
            "value": 0.002292165035945,
            "min": 0.0014986044004651998,
            "max": 0.0026649606116797998,
            "count": 23
        },
        "Pong.Policy.Epsilon.mean": {
            "value": 0.19550687500000002,
            "min": 0.19550687500000002,
            "max": 0.19990696000000002,
            "count": 23
        },
        "Pong.Policy.Epsilon.sum": {
            "value": 1.5640550000000002,
            "min": 0.9995348000000002,
            "max": 1.7883201999999998,
            "count": 23
        },
        "Pong.Policy.Beta.mean": {
            "value": 0.0005,
            "min": 0.0005,
            "max": 0.0005,
            "count": 23
        },
        "Pong.Policy.Beta.sum": {
            "value": 0.004,
            "min": 0.0025,
            "max": 0.0045000000000000005,
            "count": 23
        },
        "Pong.IsTraining.mean": {
            "value": 1.0,
            "min": 1.0,
            "max": 1.0,
            "count": 23
        },
        "Pong.IsTraining.sum": {
            "value": 1.0,
            "min": 1.0,
            "max": 1.0,
            "count": 23
        }
    },
    "metadata": {
        "timer_format_version": "0.1.0",
        "start_time_seconds": "1659366659",
        "python_version": "3.7.13 (default, Mar 28 2022, 08:03:21) [MSC v.1916 64 bit (AMD64)]",
        "command_line_arguments": "C:\\Users\\bruno\\anaconda3\\envs\\mlagents-r8\\Scripts\\mlagents-learn Config/PongH.yaml --run-id=ndw2 --time-scale=1",
        "mlagents_version": "0.28.0",
        "mlagents_envs_version": "0.28.0",
        "communication_protocol_version": "1.5.0",
        "pytorch_version": "1.7.1+cpu",
        "numpy_version": "1.21.6",
        "end_time_seconds": "1659366730"
    },
    "total": 71.35469780000001,
    "count": 1,
    "self": 0.005705800000001204,
    "children": {
        "run_training.setup": {
            "total": 0.0926977,
            "count": 1,
            "self": 0.0926977
        },
        "TrainerController.start_learning": {
            "total": 71.25629430000001,
            "count": 1,
            "self": 0.034780799999893475,
            "children": {
                "TrainerController._reset_env": {
                    "total": 8.183540399999998,
                    "count": 1,
                    "self": 8.183540399999998
                },
                "TrainerController.advance": {
                    "total": 62.97509550000013,
                    "count": 1661,
                    "self": 0.0342002000001429,
                    "children": {
                        "env_step": {
                            "total": 35.85943659999998,
                            "count": 1661,
                            "self": 34.99607319999997,
                            "children": {
                                "SubprocessEnvManager._take_step": {
                                    "total": 0.8428937999999366,
                                    "count": 1661,
                                    "self": 0.07346239999982629,
                                    "children": {
                                        "TorchPolicy.evaluate": {
                                            "total": 0.7694314000001103,
                                            "count": 1133,
                                            "self": 0.15250470000007077,
                                            "children": {
                                                "TorchPolicy.sample_actions": {
                                                    "total": 0.6169267000000396,
                                                    "count": 1133,
                                                    "self": 0.6169267000000396
                                                }
                                            }
                                        }
                                    }
                                },
                                "workers": {
                                    "total": 0.020469600000074806,
                                    "count": 1660,
                                    "self": 0.0,
                                    "children": {
                                        "worker_root": {
                                            "total": 56.148798100000135,
                                            "count": 1660,
                                            "is_parallel": true,
                                            "self": 29.954291700000105,
                                            "children": {
                                                "steps_from_proto": {
                                                    "total": 0.00041419999999980917,