{
    "name": "root",
    "gauges": {
        "Pong.Policy.Entropy.mean": {
            "value": 0.6878235340118408,
            "min": 0.6869623064994812,
            "max": 0.6919699907302856,
            "count": 9
        },
        "Pong.Policy.Entropy.sum": {
            "value": 8791.7607421875,
            "min": 6622.15283203125,
            "max": 9768.7294921875,
            "count": 9
        },
        "Pong.Environment.EpisodeLength.mean": {
            "value": 42.39430894308943,
            "min": 36.84615384615385,
            "max": 49.604395604395606,
            "count": 9
        },
        "Pong.Environment.EpisodeLength.sum": {
            "value": 10429.0,
            "min": 8143.0,
            "max": 11566.0,
            "count": 9
        },
        "Pong.Self-play.ELO.mean": {
            "value": 1203.295865066246,
            "min": 1200.4494061790435,
            "max": 1203.295865066246,
            "count": 9
        },
        "Pong.Self-play.ELO.sum": {
            "value": 62571.38498344479,
            "min": 44431.26675578597,
            "max": 228310.25780035544,
            "count": 9
        },
        "Pong.Step.mean": {
            "value": 44962.0,
            "min": 4978.0,
            "max": 44962.0,
            "count": 9
        },
        "Pong.Step.sum": {
            "value": 44962.0,
            "min": 4978.0,
            "max": 44962.0,
            "count": 9
        },
        "Pong.Policy.ExtrinsicValueEstimate.mean": {
            "value": 0.0003275450726505369,
            "min": -0.32228976488113403,
            "max": 0.017948154360055923,
            "count": 9
        },
        "Pong.Policy.ExtrinsicValueEstimate.sum": {
            "value": 0.01703234389424324,
            "min": -58.65673828125,
            "max": 0.7538224458694458,
            "count": 9
        },
        "Pong.Environment.CumulativeReward.mean": {
            "value": 0.25,
            "min": 0.13043478260869565,
            "max": 0.2857142857142857,
            "count": 9
        },
        "Pong.Environment.CumulativeReward.sum": {
            "value": 13.0,
            "min": 6.0,
            "max": 52.0,
            "count": 9
        },
        "Pong.Policy.ExtrinsicReward.mean": {
            "value": 0.25,
            "min": 0.13043478260869565,
            "max": 0.2857142857142857,
            "count": 9
        },
        "Pong.Policy.ExtrinsicReward.sum": {
            "value": 13.0,
            "min": 6.0,
            "max": 52.0,
            "count": 9
        },
        "Pong.IsTraining.mean": {
            "value": 1.0,
            "min": 1.0,
            "max": 1.0,
            "count": 9
        },
        "Pong.IsTraining.sum": {
            "value": 1.0,
            "min": 1.0,
            "max": 1.0,
            "count": 9
        },
        "Pong.Losses.PolicyLoss.mean": {
            "value": 0.017128440615488218,
            "min": 0.015392030932707712,
            "max": 0.017128440615488218,
            "count": 2
        },
        "Pong.Losses.PolicyLoss.sum": {
            "value": 0.017128440615488218,
            "min": 0.015392030932707712,
            "max": 0.017128440615488218,
            "count": 2
        },
        "Pong.Losses.ValueLoss.mean": {
            "value": 0.02356410617940128,
            "min": 0.02356410617940128,
            "max": 0.0412844464648515,
            "count": 2
        },
        "Pong.Losses.ValueLoss.sum": {
            "value": 0.02356410617940128,
            "min": 0.02356410617940128,
            "max": 0.0412844464648515,
            "count": 2
        },
        "Pong.Policy.LearningRate.mean": {
            "value": 0.0002,
            "min": 0.0002,
            "max": 0.0002,
            "count": 2
        },
        "Pong.Policy.LearningRate.sum": {
            "value": 0.0002,
            "min": 0.0002,
            "max": 0.0002,
            "count": 2
        },
        "Pong.Policy.Epsilon.mean": {
            "value": 0.15,
            "min": 0.15,
            "max": 0.15,
            "count": 2
        },
        "Pong.Policy.Epsilon.sum": {
            "value": 0.15,
            "min": 0.15,
            "max": 0.15,
            "count": 2
        },
        "Pong.Policy.Beta.mean": {
            "value": 0.003,
            "min": 0.003,
            "max": 0.003,
            "count": 2
        },
        "Pong.Policy.Beta.sum": {
            "value": 0.003,
            "min": 0.003,
            "max": 0.003,
            "count": 2
        }
    },
    "metadata": {
        "timer_format_version": "0.1.0",
        "start_time_seconds": "1659370187",
        "python_version": "3.7.13 (default, Mar 28 2022, 08:03:21) [MSC v.1916 64 bit (AMD64)]",
        "command_line_arguments": "C:\\Users\\bruno\\anaconda3\\envs\\mlagents-r8\\Scripts\\mlagents-learn Config/PongConfig.yaml --run-id=tp12 --time-scale=1",
        "mlagents_version": "0.28.0",
        "mlagents_envs_version": "0.28.0",
        "communication_protocol_version": "1.5.0",
        "pytorch_version": "1.7.1+cpu",
        "numpy_version": "1.21.6",
        "end_time_seconds": "1659370333"
    },
    "total": 146.4757194,
    "count": 1,
    "self": 0.006302599999997938,
    "children": {
        "run_training.setup": {
            "total": 0.08974660000000001,
            "count": 1,
            "self": 0.08974660000000001
        },
        "TrainerController.start_learning": {
            "total": 146.3796702,
            "count": 1,
            "self": 0.13553179999945542,
            "children": {
                "TrainerController._reset_env": {
                    "total": 12.938583100000006,
                    "count": 5,
                    "self": 12.938583100000006
                },
                "TrainerController.advance": {
                    "total": 133.2274549000005,
                    "count": 6358,
                    "self": 0.1347737000002951,
                    "children": {
                        "env_step": {
                            "total": 117.77186060000012,
                            "count": 6358,
                            "self": 107.97330990000034,
                            "children": {
                                "SubprocessEnvManager._take_step": {
                                    "total": 9.713247299999656,
                                    "count": 6358,
                                    "self": 0.4888559999993074,
                                    "children": {
                                        "TorchPolicy.evaluate": {
                                            "total": 9.224391300000349,
                                            "count": 9698,
                                            "self": 2.106117200001467,
                                            "children": {
                                                "TorchPolicy.sample_actions": {
                                                    "total": 7.118274099998882,
                                                    "count": 9698,
                                                    "self": 7.118274099998882
                                                }
                                            }
                                        }
                                    }
                                },
                                "workers": {
                                    "total": 0.0853034000001287,
                                    "count": 6357,
                                    "self": 0.0,
                                    "children": {
                                        "worker_root": {
                                            "total": 131.94618780000025,
                                            "count": 6357,
                                            "is_parallel": true,
                                            "self": 34.243156600001015,